Lattice Direction Pseudo, Atom Type, Atom Number, KE, Final Energy, Delta Energy
10L, ga, 34, 25, -1823.366820, 0.000985
10L, ga, 34, 33, -1823.366830, 0.000975
10L, ga, 34, 41, -1823.367452, 0.000353
10L, ga, 34, 49, -1816.501895, 6.865910
10L, ga, 34, 45, -1809.086182, 14.281623
10L, ga, 34, 43, -1823.366831, 0.000974
10L, ga, 34, 44, -1823.366423, 0.001382
10L, n, 35, 25, -1815.807347, 7.560458
10L, n, 35, 17, -1823.365545, 0.002260
10L, n, 35, 21, -1815.788392, 7.579413
10L, n, 35, 19, -1815.803693, 7.564112
10L, n, 35, 18, -1823.365453, 0.002352
11L, ga, 34, 25, -1823.366439, 0.001366
11L, ga, 34, 33, -1823.366173, 0.001632
11L, ga, 34, 41, -1823.366243, 0.001562
11L, ga, 34, 49, -1816.757966, 6.609839
11L, ga, 34, 45, -1823.366522, 0.001283
12L, ga, 34, 25, -1823.366723, 0.001082
12L, ga, 34, 33, -1823.366463, 0.001342
12L, ga, 34, 41, -1823.366938, 0.000867
12L, ga, 34, 49, -1823.366156, 0.001649
13L, ga, 34, 25, -1823.367201, 0.000604
13L, ga, 34, 33, -1823.365970, 0.001835
13L, ga, 34, 41, -1823.366322, 0.001483
13L, ga, 34, 49, -1823.366212, 0.001593
14L, ga, 34, 25, -1823.366686, 0.001119
14L, ga, 34, 33, -1823.365587, 0.002218
14L, ga, 34, 41, -1823.366754, 0.001051
14L, ga, 34, 49, -1823.365351, 0.002454
15L, ga, 34, 25, -1823.366610, 0.001195
15L, ga, 34, 33, -1823.366282, 0.001523
15L, ga, 34, 41, -1823.366751, 0.001054
15L, ga, 34, 49, -1823.366550, 0.001255
16L, ga, 34, 25, -1823.366747, 0.001058
16L, ga, 34, 33, -1823.366075, 0.001730
16L, ga, 34, 41, -1823.366192, 0.001613
16L, ga, 34, 49, -1812.378009, 10.989796
16L, ga, 34, 45, -1812.926463, 10.441342
16L, ga, 34, 43, -1823.366867, 0.000938
16L, ga, 34, 44, -1813.492626, 9.875179
17L, ga, 34, 25, -1823.366348, 0.001457
17L, ga, 34, 33, -1815.746732, 7.621073
17L, ga, 34, 29, -1809.574663, 13.793142
17L, ga, 34, 27, -1823.365922, 0.001883
17L, ga, 34, 28, -1809.574471, 13.793334
18L, ga, 34, 25, -1823.365976, 0.001829
18L, ga, 34, 33, -1823.366445, 0.001360
18L, ga, 34, 41, -1823.366023, 0.001782
18L, ga, 34, 49, -1817.679294, 5.688511
18L, ga, 34, 45, -1823.366860, 0.000945
19L, ga, 34, 25, -1823.365149, 0.002656
19L, ga, 34, 33, -1823.365317, 0.002488
19L, ga, 34, 41, -1823.366679, 0.001126
19L, ga, 34, 49, -1823.365226, 0.002579
1L, ga, 34, 25, -1823.366892, 0.000913
1L, ga, 34, 33, -1823.366856, 0.000949
1L, ga, 34, 41, -1811.869515, 11.498290
1L, ga, 34, 37, -1811.829686, 11.538119
1L, ga, 34, 35, -1811.868307, 11.499498
1L, ga, 34, 34, -1811.867811, 11.499994
20L, ga, 34, 25, -1823.366387, 0.001418
20L, ga, 34, 33, -1823.366794, 0.001011
20L, ga, 34, 41, -1823.366761, 0.001044
20L, ga, 34, 49, -1823.366729, 0.001076
21L, ga, 34, 25, -1823.366918, 0.000887
21L, ga, 34, 33, -1823.365093, 0.002712
21L, ga, 34, 41, -1823.365541, 0.002264
21L, ga, 34, 49, -1811.601234, 11.766571
21L, ga, 34, 45, -1823.308804, 0.059001
21L, n, 35, 25, -1815.767471, 7.600334
21L, n, 35, 17, -1815.649343, 7.718462
21L, n, 35, 9, -1823.365417, 0.002388
21L, n, 35, 13, -1823.365400, 0.002405
21L, n, 35, 15, -1823.364240, 0.003565
21L, n, 35, 16, -1815.792910, 7.574895
22L, ga, 34, 25, -1823.365806, 0.001999
22L, ga, 34, 33, -1823.365848, 0.001957
22L, ga, 34, 41, -1823.366370, 0.001435
22L, ga, 34, 49, -1823.366069, 0.001736
23L, ga, 34, 25, -1823.366092, 0.001713
23L, ga, 34, 33, -1809.310430, 14.057375
23L, ga, 34, 29, -1823.366472, 0.001333
23L, ga, 34, 31, -1816.502135, 6.865670
23L, ga, 34, 30, -1816.501737, 6.866068
24L, ga, 34, 25, -1823.366644, 0.001161
24L, ga, 34, 33, -1823.366335, 0.001470
24L, ga, 34, 41, -1823.365873, 0.001932
24L, ga, 34, 49, -1823.365897, 0.001908
25L, ga, 34, 25, -1823.366638, 0.001167
25L, ga, 34, 33, -1823.366340, 0.001465
25L, ga, 34, 41, -1811.434352, 11.933453
25L, ga, 34, 37, -1823.365819, 0.001986
25L, ga, 34, 39, -1823.366313, 0.001492
25L, ga, 34, 40, -1823.366792, 0.001013
26L, ga, 34, 25, -1823.366253, 0.001552
26L, ga, 34, 33, -1811.867437, 11.500368
26L, ga, 34, 29, -1823.364804, 0.003001
26L, ga, 34, 31, -1811.868615, 11.499190
26L, ga, 34, 30, -1823.366106, 0.001699
27L, ga, 34, 25, -1823.365508, 0.002297
27L, ga, 34, 33, -1811.868146, 11.499659
27L, ga, 34, 29, -1811.868185, 11.499620
27L, ga, 34, 27, -1811.867935, 11.499870
27L, ga, 34, 26, -1811.868332, 11.499473
28L, ga, 34, 25, -1823.366833, 0.000972
28L, ga, 34, 33, -1823.365487, 0.002318
28L, ga, 34, 41, -1815.373748, 7.994057
28L, ga, 34, 37, -1823.366175, 0.001630
28L, ga, 34, 39, -1823.366754, 0.001051
28L, ga, 34, 40, -1823.366342, 0.001463
29L, ga, 34, 25, -1823.367253, 0.000552
29L, ga, 34, 33, -1823.366071, 0.001734
29L, ga, 34, 41, -1823.366604, 0.001201
29L, ga, 34, 49, -1823.366213, 0.001592
2L, ga, 34, 25, -1823.366991, 0.000814
2L, ga, 34, 33, -1823.365796, 0.002009
2L, ga, 34, 41, -1823.366172, 0.001633
2L, ga, 34, 49, -1811.867377, 11.500428
2L, ga, 34, 45, -1823.366596, 0.001209
30L, ga, 34, 25, -1823.366588, 0.001217
30L, ga, 34, 33, -1811.504691, 11.863114
30L, ga, 34, 29, -1823.365130, 0.002675
30L, ga, 34, 31, -1823.366240, 0.001565
30L, ga, 34, 32, -1811.696379, 11.671426
31L, ga, 34, 25, -1823.365805, 0.002000
31L, ga, 34, 33, -1811.328594, 12.039211
31L, ga, 34, 29, -1811.291231, 12.076574
31L, ga, 34, 27, -1811.290864, 12.076941
31L, ga, 34, 26, -1811.291498, 12.076307
32S, ga, 34, 25, -1823.367166, 0.000639
32S, ga, 34, 33, -1823.366528, 0.001277
32S, ga, 34, 41, -1823.365299, 0.002506
32S, ga, 34, 49, -1823.365435, 0.002370
32S, n, 35, 25, -1823.367134, 0.000671
32S, n, 35, 33, -1823.366420, 0.001385
32S, n, 35, 41, -1823.366267, 0.001538
32S, n, 35, 49, -1823.366513, 0.001292
33S, ga, 34, 25, -1823.366252, 0.001553
33S, ga, 34, 33, -1823.367451, 0.000354
33S, ga, 34, 41, -1823.366240, 0.001565
33S, ga, 34, 49, -1823.365988, 0.001817
33S, n, 35, 25, -1815.770538, 7.597267
33S, n, 35, 17, -1823.365844, 0.001961
33S, n, 35, 21, -1815.788737, 7.579068
33S, n, 35, 19, -1815.815704, 7.552101
33S, n, 35, 18, -1823.365714, 0.002091
34S, ga, 34, 25, -1823.365344, 0.002461
34S, ga, 34, 33, -1815.374617, 7.993188
34S, ga, 34, 29, -1823.366712, 0.001093
34S, ga, 34, 31, -1823.365924, 0.001881
34S, ga, 34, 32, -1815.373994, 7.993811
34S, n, 35, 25, -1815.756922, 7.610883
34S, n, 35, 17, -1815.814390, 7.553415
34S, n, 35, 9, -1823.366386, 0.001419
34S, n, 35, 13, -1823.366008, 0.001797
34S, n, 35, 15, -1823.366782, 0.001023
34S, n, 35, 16, -1823.366101, 0.001704
35S, ga, 34, 25, -1823.366240, 0.001565
35S, ga, 34, 33, -1823.367560, 0.000245
35S, ga, 34, 41, -1823.366244, 0.001561
35S, ga, 34, 49, -1823.365956, 0.001849
35S, n, 35, 25, -1815.769205, 7.598600
35S, n, 35, 17, -1823.364126, 0.003679
35S, n, 35, 21, -1815.814671, 7.553134
35S, n, 35, 19, -1815.789678, 7.578127
35S, n, 35, 18, -1823.366558, 0.001247
36S, ga, 34, 25, -1823.366646, 0.001159
36S, ga, 34, 33, -1823.366268, 0.001537
36S, ga, 34, 41, -1823.366611, 0.001194
36S, ga, 34, 49, -1823.367077, 0.000728
36S, n, 35, 25, -1823.365662, 0.002143
36S, n, 35, 33, -1815.798435, 7.569370
36S, n, 35, 29, -1815.796215, 7.571590
36S, n, 35, 27, -1815.794223, 7.573582
36S, n, 35, 26, -1823.366648, 0.001157
37S, ga, 34, 25, -1823.365285, 0.002520
37S, ga, 34, 33, -1823.366402, 0.001403
37S, ga, 34, 41, -1823.366421, 0.001384
37S, ga, 34, 49, -1811.333053, 12.034752
37S, ga, 34, 45, -1823.366022, 0.001783
37S, n, 35, 25, -1815.667008, 7.700797
37S, n, 35, 17, -1823.365687, 0.002118
37S, n, 35, 21, -1823.364921, 0.002884
37S, n, 35, 23, -1815.815402, 7.552403
37S, n, 35, 22, -1815.787510, 7.580295
38S, ga, 34, 25, -1823.366886, 0.000919
38S, ga, 34, 33, -1811.291270, 12.076535
38S, ga, 34, 29, -1823.365877, 0.001928
38S, ga, 34, 31, -1823.365106, 0.002699
38S, ga, 34, 32, -1811.290630, 12.077175
38S, n, 35, 25, -1823.364632, 0.003173
38S, n, 35, 33, -1823.364967, 0.002838
38S, n, 35, 41, -1815.814858, 7.552947
38S, n, 35, 37, -1815.798491, 7.569314
38S, n, 35, 35, -1815.814636, 7.553169
38S, n, 35, 34, -1823.366012, 0.001793
39S, ga, 34, 25, -1823.365329, 0.002476
39S, ga, 34, 33, -1823.366428, 0.001377
39S, ga, 34, 41, -1823.366434, 0.001371
39S, ga, 34, 49, -1811.333023, 12.034782
39S, ga, 34, 45, -1823.365781, 0.002024
39S, n, 35, 25, -1815.787355, 7.580450
39S, n, 35, 17, -1823.365848, 0.001957
3L, ga, 34, 25, -1823.367119, 0.000686
3L, ga, 34, 33, -1823.366783, 0.001022
3L, ga, 34, 41, -1823.366362, 0.001443
3L, ga, 34, 49, -1817.679087, 5.688718
3L, ga, 34, 45, -1823.366035, 0.001770
40S, ga, 34, 25, -1823.366659, 0.001146
40S, ga, 34, 33, -1823.366191, 0.001614
40S, ga, 34, 41, -1823.366685, 0.001120
40S, ga, 34, 49, -1823.366841, 0.000964
40S, n, 35, 25, -1823.366989, 0.000816
40S, n, 35, 33, -1815.798709, 7.569096
40S, n, 35, 29, -1815.797958, 7.569847
40S, n, 35, 27, -1815.798121, 7.569684
40S, n, 35, 26, -1823.366315, 0.001490
41S, ga, 34, 25, -1823.366426, 0.001379
41S, ga, 34, 33, -1823.366572, 0.001233
41S, ga, 34, 41, -1823.366674, 0.001131
41S, ga, 34, 49, -1823.366351, 0.001454
41S, n, 35, 25, -1823.365499, 0.002306
41S, n, 35, 33, -1823.366015, 0.001790
41S, n, 35, 41, -1815.808210, 7.559595
41S, n, 35, 37, -1823.366919, 0.000886
41S, n, 35, 39, -1815.746209, 7.621596
41S, n, 35, 38, -1823.367330, 0.000475
42S, ga, 34, 25, -1823.366434, 0.001371
42S, ga, 34, 33, -1823.366035, 0.001770
42S, ga, 34, 41, -1823.366573, 0.001232
42S, ga, 34, 49, -1817.593973, 5.773832
42S, ga, 34, 45, -1823.366483, 0.001322
42S, n, 35, 25, -1823.365707, 0.002098
42S, n, 35, 33, -1815.863020, 7.504785
42S, n, 35, 29, -1815.839489, 7.528316
42S, n, 35, 27, -1815.863556, 7.504249
42S, n, 35, 26, -1815.868320, 7.499485
43S, ga, 34, 25, -1823.366588, 0.001217
43S, ga, 34, 33, -1811.830343, 11.537462
43S, ga, 34, 29, -1823.366453, 0.001352
43S, ga, 34, 31, -1811.868388, 11.499417
43S, ga, 34, 30, -1811.868111, 11.499694
43S, n, 35, 25, -1823.366085, 0.001720
43S, n, 35, 33, -1823.366120, 0.001685
43S, n, 35, 41, -1815.896354, 7.471451
43S, n, 35, 37, -1815.817876, 7.549929
43S, n, 35, 35, -1823.366044, 0.001761
43S, n, 35, 36, -1823.366731, 0.001074
44S, ga, 34, 25, -1823.365393, 0.002412
44S, ga, 34, 33, -1811.328213, 12.039592
44S, ga, 34, 29, -1811.291015, 12.076790
44S, ga, 34, 27, -1811.290813, 12.076992
44S, ga, 34, 26, -1811.328004, 12.039801
44S, n, 35, 25, -1823.365871, 0.001934
44S, n, 35, 33, -1815.796383, 7.571422
45S, ga, 34, 25, -1823.366609, 0.001196
45S, ga, 34, 33, -1811.830308, 11.537497
45S, ga, 34, 29, -1823.366460, 0.001345
45S, ga, 34, 31, -1811.868234, 11.499571
45S, ga, 34, 30, -1811.868085, 11.499720
45S, n, 35, 25, -1823.366139, 0.001666
45S, n, 35, 33, -1823.366872, 0.000933
45S, n, 35, 41, -1815.898632, 7.469173
45S, n, 35, 37, -1815.847610, 7.520195
45S, n, 35, 35, -1823.365950, 0.001855
45S, n, 35, 36, -1823.366681, 0.001124
46S, ga, 34, 25, -1823.366427, 0.001378
46S, ga, 34, 33, -1823.366047, 0.001758
46S, ga, 34, 41, -1823.366594, 0.001211
46S, ga, 34, 49, -1823.365549, 0.002256
46S, n, 35, 25, -1823.365383, 0.002422
46S, n, 35, 33, -1815.858657, 7.509148
46S, n, 35, 29, -1815.840332, 7.527473
46S, n, 35, 27, -1815.859831, 7.507974
46S, n, 35, 26, -1815.868386, 7.499419
47S, ga, 34, 25, -1823.366421, 0.001384
47S, ga, 34, 33, -1823.366596, 0.001209
47S, ga, 34, 41, -1823.366634, 0.001171
47S, ga, 34, 49, -1823.366380, 0.001425
47S, n, 35, 25, -1823.365390, 0.002415
47S, n, 35, 33, -1823.365613, 0.002192
47S, n, 35, 41, -1815.809040, 7.558765
47S, n, 35, 37, -1823.366948, 0.000857
47S, n, 35, 39, -1815.809937, 7.557868
47S, n, 35, 38, -1823.366896, 0.000909
48S, ga, 34, 25, -1823.365439, 0.002366
48S, ga, 34, 33, -1815.788240, 7.579565
48S, ga, 34, 29, -1809.575393, 13.792412
48S, ga, 34, 27, -1823.365988, 0.001817
48S, ga, 34, 28, -1809.576147, 13.791658
48S, n, 35, 25, -1823.368547, -0.000742
48S, n, 35, 33, -1823.366160, 0.001645
48S, n, 35, 41, -1815.784829, 7.582976
48S, n, 35, 37, -1815.880937, 7.486868
48S, n, 35, 35, -1823.365824, 0.001981
48S, n, 35, 36, -1817.455842, 5.911963
49S, ga, 34, 25, -1823.366744, 0.001061
49S, ga, 34, 33, -1823.366558, 0.001247
49S, ga, 34, 41, -1823.366351, 0.001454
49S, ga, 34, 49, -1815.810114, 7.557691
49S, ga, 34, 45, -1815.806468, 7.561337
49S, ga, 34, 43, -1817.679261, 5.688544
49S, ga, 34, 42, -1823.366110, 0.001695
49S, n, 35, 25, -1815.792718, 7.575087
49S, n, 35, 17, -1823.365006, 0.002799
49S, n, 35, 21, -1823.366421, 0.001384
49S, n, 35, 23, -1823.365866, 0.001939
49S, n, 35, 24, -1817.457938, 5.909867
4L, ga, 34, 25, -1823.365674, 0.002131
4L, ga, 34, 33, -1815.777726, 7.590079
4L, ga, 34, 29, -1809.575763, 13.792042
4L, ga, 34, 27, -1823.365113, 0.002692
4L, ga, 34, 28, -1809.575972, 13.791833
4L, n, 35, 25, -1823.367687, 0.000118
4L, n, 35, 33, -1823.365995, 0.001810
4L, n, 35, 41, -1815.598259, 7.769546
4L, n, 35, 37, -1815.721054, 7.646751
4L, n, 35, 35, -1823.366509, 0.001296
4L, n, 35, 36, -1817.456309, 5.911496
50S, ga, 34, 25, -1823.366824, 0.000981
50S, ga, 34, 33, -1823.366831, 0.000974
50S, ga, 34, 41, -1823.367598, 0.000207
50S, ga, 34, 49, -1816.501694, 6.866111
50S, ga, 34, 45, -1809.085372, 14.282433
50S, ga, 34, 43, -1823.366976, 0.000829
50S, ga, 34, 44, -1823.366657, 0.001148
50S, n, 35, 25, -1815.807938, 7.559867
50S, n, 35, 17, -1823.365547, 0.002258
50S, n, 35, 21, -1815.802659, 7.565146
50S, n, 35, 19, -1815.789847, 7.577958
50S, n, 35, 18, -1823.365668, 0.002137
51S, ga, 34, 25, -1823.366712, 0.001093
51S, ga, 34, 33, -1823.366278, 0.001527
51S, ga, 34, 41, -1823.366348, 0.001457
51S, ga, 34, 49, -1815.372905, 7.994900
51S, ga, 34, 45, -1823.366033, 0.001772
51S, n, 35, 25, -1815.808046, 7.559759
51S, n, 35, 17, -1815.810391, 7.557414
51S, n, 35, 9, -1823.364462, 0.003343
51S, n, 35, 13, -1823.366046, 0.001759
51S, n, 35, 15, -1823.365961, 0.001844
51S, n, 35, 16, -1815.793812, 7.573993
52S, ga, 34, 25, -1823.366929, 0.000876
52S, ga, 34, 33, -1823.365072, 0.002733
52S, ga, 34, 41, -1815.373740, 7.994065
52S, ga, 34, 37, -1815.373056, 7.994749
52S, ga, 34, 35, -1823.365467, 0.002338
52S, ga, 34, 36, -1815.374047, 7.993758
52S, n, 35, 25, -1815.770612, 7.597193
52S, n, 35, 17, -1815.649218, 7.718587
52S, n, 35, 9, -1823.364648, 0.003157
52S, n, 35, 13, -1823.365387, 0.002418
52S, n, 35, 15, -1823.364725, 0.003080
52S, n, 35, 16, -1815.794243, 7.573562
53S, ga, 34, 25, -1823.366690, 0.001115
53S, ga, 34, 33, -1823.366229, 0.001576
53S, ga, 34, 41, -1823.366355, 0.001450
53S, ga, 34, 49, -1815.373128, 7.994677
53S, ga, 34, 45, -1823.365965, 0.001840
53S, n, 35, 25, -1815.746373, 7.621432
53S, n, 35, 17, -1815.808270, 7.559535
53S, n, 35, 9, -1823.364695, 0.003110
53S, n, 35, 13, -1823.366005, 0.001800
53S, n, 35, 15, -1823.365727, 0.002078
53S, n, 35, 16, -1815.794484, 7.573321
54S, ga, 34, 25, -1823.366831, 0.000974
54S, ga, 34, 33, -1823.366879, 0.000926
54S, ga, 34, 41, -1823.367344, 0.000461
54S, ga, 34, 49, -1816.501189, 6.866616
54S, ga, 34, 45, -1809.091469, 14.276336
54S, ga, 34, 43, -1823.366269, 0.001536
54S, ga, 34, 44, -1823.366289, 0.001516
54S, n, 35, 25, -1815.806445, 7.561360
54S, n, 35, 17, -1823.365565, 0.002240
54S, n, 35, 21, -1815.809370, 7.558435
54S, n, 35, 19, -1815.791265, 7.576540
54S, n, 35, 18, -1823.365533, 0.002272
55S, ga, 34, 25, -1823.366817, 0.000988
55S, ga, 34, 33, -1823.366488, 0.001317
55S, ga, 34, 41, -1816.284408, 7.083397
55S, ga, 34, 37, -1823.366259, 0.001546
55S, ga, 34, 39, -1823.366598, 0.001207
55S, ga, 34, 40, -1823.366193, 0.001612
55S, n, 35, 25, -1815.793758, 7.574047
55S, n, 35, 17, -1823.365623, 0.002182
55S, n, 35, 21, -1823.366196, 0.001609
55S, n, 35, 23, -1823.365928, 0.001877
55S, n, 35, 24, -1817.458364, 5.909441
56S, ga, 34, 25, -1823.365675, 0.002130
56S, ga, 34, 33, -1815.753995, 7.613810
56S, ga, 34, 29, -1809.310909, 14.056896
56S, ga, 34, 27, -1823.366185, 0.001620
56S, ga, 34, 28, -1809.575921, 13.791884
56S, n, 35, 25, -1823.367220, 0.000585
56S, n, 35, 33, -1823.366846, 0.000959
56S, n, 35, 41, -1815.781264, 7.586541
56S, n, 35, 37, -1815.865452, 7.502353
56S, n, 35, 35, -1823.366007, 0.001798
56S, n, 35, 36, -1823.366142, 0.001663
57S, ga, 34, 25, -1816.502834, 6.864971
57S, ga, 34, 17, -1823.366248, 0.001557
57S, ga, 34, 21, -1823.366542, 0.001263
57S, ga, 34, 23, -1823.366082, 0.001723
57S, ga, 34, 24, -1823.366029, 0.001776
57S, n, 35, 25, -1823.365483, 0.002322
57S, n, 35, 33, -1823.366848, 0.000957
57S, n, 35, 41, -1823.366538, 0.001267
57S, n, 35, 49, -1823.366817, 0.000988
58S, ga, 34, 25, -1823.366526, 0.001279
58S, ga, 34, 33, -1823.366785, 0.001020
58S, ga, 34, 41, -1823.366569, 0.001236
58S, ga, 34, 49, -1823.366115, 0.001690
58S, n, 35, 25, -1823.365886, 0.001919
58S, n, 35, 33, -1823.366191, 0.001614
58S, n, 35, 41, -1823.365813, 0.001992
58S, n, 35, 49, -1823.367045, 0.000760
59S, ga, 34, 25, -1823.366206, 0.001599
59S, ga, 34, 33, -1823.366209, 0.001596
59S, ga, 34, 41, -1823.366552, 0.001252
59S, ga, 34, 49, -1823.365903, 0.001902
59S, n, 35, 25, -1815.807213, 7.560592
59S, n, 35, 17, -1815.809401, 7.558404
59S, n, 35, 9, -1823.365299, 0.002506
59S, n, 35, 13, -1823.365747, 0.002058
59S, n, 35, 15, -1823.365432, 0.002373
59S, n, 35, 16, -1815.809089, 7.558716
5L, ga, 34, 25, -1823.366712, 0.001093
5L, ga, 34, 33, -1823.366274, 0.001531
5L, ga, 34, 41, -1823.366410, 0.001395
5L, ga, 34, 49, -1823.366029, 0.001776
60S, ga, 34, 25, -1823.365977, 0.001828
60S, ga, 34, 33, -1823.366649, 0.001156
60S, ga, 34, 41, -1823.366223, 0.001582
60S, ga, 34, 49, -1823.365830, 0.001975
60S, n, 35, 25, -1815.650234, 7.717571
60S, n, 35, 17, -1815.808512, 7.559293
60S, n, 35, 9, -1823.365613, 0.002192
60S, n, 35, 13, -1823.364076, 0.003729
60S, n, 35, 15, -1815.809345, 7.558460
60S, n, 35, 14, -1823.366031, 0.001774
61S, ga, 34, 25, -1823.366181, 0.001624
61S, ga, 34, 33, -1823.366200, 0.001605
61S, ga, 34, 41, -1823.365861, 0.001944
61S, ga, 34, 49, -1823.365964, 0.001841
61S, n, 35, 25, -1815.808754, 7.559051
61S, n, 35, 17, -1815.809218, 7.558587
61S, n, 35, 9, -1823.365342, 0.002463
61S, n, 35, 13, -1823.365780, 0.002025
61S, n, 35, 15, -1823.365426, 0.002379
61S, n, 35, 16, -1815.808933, 7.558872
62S, ga, 34, 25, -1823.366480, 0.001325
62S, ga, 34, 33, -1823.366747, 0.001058
62S, ga, 34, 41, -1823.366664, 0.001141
62S, ga, 34, 49, -1823.366096, 0.001709
62S, n, 35, 25, -1823.365862, 0.001943
62S, n, 35, 33, -1823.365922, 0.001883
62S, n, 35, 41, -1823.365677, 0.002128
62S, n, 35, 49, -1823.367001, 0.000804
63S, ga, 34, 25, -1816.502452, 6.865353
63S, ga, 34, 17, -1823.366224, 0.001581
63S, ga, 34, 21, -1823.366608, 0.001197
63S, ga, 34, 23, -1823.366036, 0.001769
63S, ga, 34, 24, -1823.365997, 0.001808
63S, n, 35, 25, -1823.365590, 0.002215
63S, n, 35, 33, -1823.366229, 0.001576
63S, n, 35, 41, -1823.366537, 0.001268
63S, n, 35, 49, -1823.366508, 0.001297
64S, ga, 34, 25, -1823.365540, 0.002265
64S, ga, 34, 33, -1823.365583, 0.002222
64S, ga, 34, 41, -1823.366290, 0.001515
64S, ga, 34, 49, -1812.377771, 10.990034
64S, ga, 34, 45, -1823.367072, 0.000733
64S, n, 35, 25, -1823.365074, 0.002731
64S, n, 35, 33, -1823.366826, 0.000979
64S, n, 35, 41, -1815.794891, 7.572914
64S, n, 35, 37, -1823.366364, 0.001441
64S, n, 35, 39, -1823.366587, 0.001218
64S, n, 35, 40, -1823.367020, 0.000785
65S, ga, 34, 25, -1823.366291, 0.001514
65S, ga, 34, 33, -1812.378212, 10.989593
65S, ga, 34, 29, -1823.365489, 0.002316
65S, ga, 34, 31, -1823.365274, 0.002531
65S, ga, 34, 32, -1823.365844, 0.001961
65S, n, 35, 25, -1815.793774, 7.574031
65S, n, 35, 17, -1823.365972, 0.001833
65S, n, 35, 21, -1815.786064, 7.581741
65S, n, 35, 19, -1823.365892, 0.001913
65S, n, 35, 20, -1823.365676, 0.002129
66S, ga, 34, 25, -1823.366361, 0.001444
66S, ga, 34, 33, -1812.373624, 10.994181
66S, ga, 34, 29, -1823.365887, 0.001918
66S, ga, 34, 31, -1812.376624, 10.991181
66S, ga, 34, 30, -1823.366070, 0.001735
66S, n, 35, 25, -1815.809934, 7.557871
66S, n, 35, 17, -1815.793596, 7.574209
66S, n, 35, 9, -1823.364498, 0.003307
66S, n, 35, 13, -1823.364832, 0.002973
66S, n, 35, 15, -1823.363594, 0.004211
66S, n, 35, 16, -1823.364784, 0.003021
67S, ga, 34, 25, -1823.366281, 0.001524
67S, ga, 34, 33, -1812.377907, 10.989898
67S, ga, 34, 29, -1823.365487, 0.002318
67S, ga, 34, 31, -1823.365154, 0.002651
67S, ga, 34, 32, -1823.365802, 0.002003
67S, n, 35, 25, -1815.810193, 7.557612
67S, n, 35, 17, -1823.366669, 0.001136
67S, n, 35, 21, -1815.794031, 7.573774
67S, n, 35, 19, -1823.365976, 0.001829
67S, n, 35, 20, -1823.365631, 0.002174
68S, ga, 34, 25, -1823.365527, 0.002278
68S, ga, 34, 33, -1823.365523, 0.002282
68S, ga, 34, 41, -1823.366274, 0.001531
68S, ga, 34, 49, -1823.366623, 0.001182
68S, n, 35, 25, -1823.364944, 0.002861
68S, n, 35, 33, -1823.366883, 0.000922
68S, n, 35, 41, -1815.790134, 7.577671
68S, n, 35, 37, -1823.366293, 0.001512
68S, n, 35, 39, -1823.366495, 0.001310
68S, n, 35, 40, -1823.367031, 0.000774
69S, ga, 34, 25, -1823.366018, 0.001787
69S, ga, 34, 33, -1823.366170, 0.001635
69S, ga, 34, 41, -1812.376695, 10.991110
69S, ga, 34, 37, -1823.365488, 0.002317
69S, ga, 34, 39, -1823.365954, 0.001851
69S, ga, 34, 40, -1823.366144, 0.001661
69S, n, 35, 25, -1823.366944, 0.000861
69S, n, 35, 33, -1823.364812, 0.002993
69S, n, 35, 41, -1815.894385, 7.473420
69S, n, 35, 37, -1823.366649, 0.001156
69S, n, 35, 39, -1815.809618, 7.558187
69S, n, 35, 38, -1823.367189, 0.000616
6L, ga, 34, 25, -1823.365993, 0.001812
6L, ga, 34, 33, -1811.328175, 12.039630
6L, ga, 34, 29, -1811.291071, 12.076734
6L, ga, 34, 27, -1811.290640, 12.077165
6L, ga, 34, 26, -1811.291367, 12.076438
70S, ga, 34, 25, -1823.366246, 0.001559
70S, ga, 34, 33, -1823.366048, 0.001757
70S, ga, 34, 41, -1812.377696, 10.990109
70S, ga, 34, 37, -1823.366502, 0.001303
70S, ga, 34, 39, -1823.366974, 0.000831
70S, ga, 34, 40, -1823.366019, 0.001786
70S, n, 35, 25, -1823.366781, 0.001024
70S, n, 35, 33, -1823.367374, 0.000431
70S, n, 35, 41, -1815.807768, 7.560037
70S, n, 35, 37, -1815.769578, 7.598227
70S, n, 35, 35, -1815.770408, 7.597397
70S, n, 35, 34, -1815.649499, 7.718306
71S, ga, 34, 25, -1823.365939, 0.001866
71S, ga, 34, 33, -1823.366128, 0.001677
71S, ga, 34, 41, -1812.377905, 10.989900
71S, ga, 34, 37, -1823.365593, 0.002212
71S, ga, 34, 39, -1823.366047, 0.001758
71S, ga, 34, 40, -1823.366015, 0.001790
71S, n, 35, 25, -1817.678698, 5.689107
71S, n, 35, 17, -1823.364875, 0.002930
71S, n, 35, 21, -1823.365562, 0.002243
71S, n, 35, 23, -1823.365753, 0.002052
71S, n, 35, 24, -1823.366526, 0.001279
72S, ga, 34, 25, -1823.365599, 0.002206
72S, ga, 34, 33, -1823.366569, 0.001236
72S, ga, 34, 41, -1823.366894, 0.000911
72S, ga, 34, 49, -1823.365454, 0.002351
72S, n, 35, 25, -1823.366831, 0.000974
72S, n, 35, 33, -1823.367502, 0.000303
72S, n, 35, 41, -1823.365605, 0.002200
72S, n, 35, 49, -1823.365208, 0.002597
73L, ga, 34, 25, -1823.366851, 0.000955
73L, ga, 34, 33, -1823.366816, 0.000989
73L, ga, 34, 41, -1823.367255, 0.000550
73L, ga, 34, 49, -1817.678532, 5.689273
73L, ga, 34, 45, -1815.677355, 7.690450
73L, ga, 34, 43, -1823.366714, 0.001091
73L, ga, 34, 44, -1817.678297, 5.689508
73L, n, 35, 25, -1815.809194, 7.558611
73L, n, 35, 17, -1823.365561, 0.002244
73L, n, 35, 21, -1815.809366, 7.558439
73L, n, 35, 19, -1815.799509, 7.568296
73L, n, 35, 18, -1823.365642, 0.002163
74L, ga, 34, 25, -1823.366828, 0.000977
74L, ga, 34, 33, -1823.366812, 0.000993
74L, ga, 34, 41, -1823.368233, -0.000428
74L, ga, 34, 49, -1816.501264, 6.866541
74L, ga, 34, 45, -1809.085709, 14.282096
74L, ga, 34, 43, -1823.366714, 0.001091
74L, ga, 34, 44, -1823.366575, 0.001230
74L, n, 35, 25, -1815.809138, 7.558667
74L, n, 35, 17, -1823.365529, 0.002276
74L, n, 35, 21, -1815.808892, 7.558913
74L, n, 35, 19, -1815.793271, 7.574534
74L, n, 35, 18, -1823.365691, 0.002114
75L, ga, 34, 25, -1823.366929, 0.000876
75L, ga, 34, 33, -1823.365076, 0.002729
75L, ga, 34, 41, -1823.365608, 0.002197
75L, ga, 34, 49, -1811.600962, 11.766843
75L, ga, 34, 45, -1823.365561, 0.002244
75L, n, 35, 25, -1815.769213, 7.598592
75L, n, 35, 17, -1815.788882, 7.578923
75L, n, 35, 9, -1823.365172, 0.002633
75L, n, 35, 13, -1823.365382, 0.002423
75L, n, 35, 15, -1823.365034, 0.002771
75L, n, 35, 16, -1815.794280, 7.573525
76S, ga, 34, 25, -1815.809810, 7.557995
76S, ga, 34, 17, -1823.367522, 0.000283
76S, ga, 34, 21, -1823.367108, 0.000697
76S, ga, 34, 23, -1823.366081, 0.001724
76S, ga, 34, 24, -1815.760305, 7.607500
77S, ga, 34, 25, -1811.327401, 12.040404
77S, ga, 34, 17, -1823.366681, 0.001124
77S, ga, 34, 21, -1823.365353, 0.002452
77S, ga, 34, 23, -1823.366485, 0.001320
77S, ga, 34, 24, -1823.365748, 0.002057
78S, n, 35, 25, -1815.807630, 7.560175
78S, n, 35, 17, -1815.808260, 7.559545
78S, n, 35, 9, -1823.366050, 0.001755
78S, n, 35, 13, -1823.364869, 0.002936
78S, n, 35, 15, -1815.748394, 7.619411
78S, n, 35, 14, -1823.365294, 0.002511
79S, ga, 34, 25, -1823.365980, 0.001825
79S, ga, 34, 33, -1811.384903, 11.982902
79S, ga, 34, 29, -1823.365081, 0.002724
79S, ga, 34, 31, -1823.366166, 0.001639
79S, ga, 34, 32, -1823.366335, 0.001470
79S, n, 35, 25, -1815.812573, 7.555232
79S, n, 35, 17, -1815.815073, 7.552732
79S, n, 35, 9, -1823.365168, 0.002637
79S, n, 35, 13, -1823.365043, 0.002762
79S, n, 35, 15, -1815.814214, 7.553591
79S, n, 35, 14, -1815.815296, 7.552509
7L, ga, 34, 25, -1823.365600, 0.002205
7L, ga, 34, 33, -1823.366801, 0.001004
7L, ga, 34, 41, -1823.366926, 0.000879
7L, ga, 34, 49, -1823.365724, 0.002081
7L, n, 35, 25, -1823.366833, 0.000972
7L, n, 35, 33, -1823.367507, 0.000298
7L, n, 35, 41, -1823.366992, 0.000813
7L, n, 35, 49, -1823.367116, 0.000689
80S, ga, 34, 25, -1823.365586, 0.002219
80S, ga, 34, 33, -1811.291032, 12.076773
80S, ga, 34, 29, -1811.327704, 12.040101
80S, ga, 34, 27, -1811.867981, 11.499824
80S, ga, 34, 26, -1811.867791, 11.500014
80S, n, 35, 25, -1815.788619, 7.579186
80S, n, 35, 17, -1815.814690, 7.553115
80S, n, 35, 9, -1823.365290, 0.002515
80S, n, 35, 13, -1823.365100, 0.002705
80S, n, 35, 15, -1815.815316, 7.552489
80S, n, 35, 14, -1823.364429, 0.003376
81S, ga, 34, 25, -1823.365165, 0.002640
81S, ga, 34, 33, -1811.291086, 12.076719
81S, ga, 34, 29, -1811.868263, 11.499542
81S, ga, 34, 27, -1811.868399, 11.499406
81S, ga, 34, 26, -1811.866625, 11.501180
81S, n, 35, 25, -1823.365094, 0.002711
81S, n, 35, 33, -1815.806919, 7.560886
81S, n, 35, 29, -1823.366180, 0.001625
81S, n, 35, 31, -1823.365937, 0.001868
81S, n, 35, 32, -1815.848410, 7.519395
82S, ga, 34, 25, -1823.366342, 0.001463
82S, ga, 34, 33, -1811.581850, 11.785955
82S, ga, 34, 29, -1823.365798, 0.002007
82S, ga, 34, 31, -1823.365512, 0.002293
82S, ga, 34, 32, -1823.365674, 0.002131
82S, n, 35, 25, -1815.814417, 7.553388
82S, n, 35, 17, -1823.366371, 0.001434
82S, n, 35, 21, -1815.787453, 7.580352
82S, n, 35, 19, -1815.816154, 7.551651
82S, n, 35, 18, -1823.365530, 0.002275
8L, ga, 34, 25, -1823.366997, 0.000808
8L, ga, 34, 33, -1823.366091, 0.001714
8L, ga, 34, 41, -1823.364539, 0.003266
8L, ga, 34, 49, -1823.366027, 0.001778
8L, n, 35, 25, -1823.367144, 0.000661
8L, n, 35, 33, -1823.366418, 0.001387
8L, n, 35, 41, -1823.365765, 0.002040
8L, n, 35, 49, -1823.366071, 0.001734
9L, ga, 34, 25, -1823.366687, 0.001118
9L, ga, 34, 33, -1823.366277, 0.001528
9L, ga, 34, 41, -1823.365753, 0.002052
9L, ga, 34, 49, -1823.366658, 0.001147
